{"cameraMode":{"drawMode":0,"name":"Shaded","section":"Shading Mode"},"sceneLighting":false,"audioPlay":false,"sceneViewState":{"showFog":true,"showMaterialUpdate":false,"showSkybox":true,"showFlares":true,"showImageEffects":true,"showParticleSystems":true},"in2DMode":false,"pivot":{"x":15.272173881530762,"y":7.982068061828613,"z":-2.5965614318847658},"rotation":{"x":-0.0504646971821785,"y":0.2091156393289566,"z":-0.010717209428548813,"w":-0.9765850305557251},"size":4.99868106842041,"orthographic":false}