{"cameraMode":{"drawMode":0,"name":"Shaded","section":"Shading Mode"},"sceneLighting":false,"audioPlay":false,"sceneViewState":{"showFog":true,"showMaterialUpdate":false,"showSkybox":true,"showFlares":true,"showImageEffects":true,"showParticleSystems":true},"in2DMode":false,"pivot":{"x":20.289552688598634,"y":6.173361778259277,"z":-0.10604572296142578},"rotation":{"x":-0.0504646971821785,"y":0.2091156393289566,"z":-0.010717209428548813,"w":-0.9765850305557251},"size":9.575084686279297,"orthographic":false}